Mood,Activity,Description
Excited,Express Creativity,"Engage in a creative activity like drawing, painting, or writing to channel your excitement."
Excited,Listen to Uplifting Music,Create a playlist of energizing and positive songs to enhance your mood.
Excited,Dance,Put on your favorite dance music and let loose to release built-up excitement and energy.
Excited,Plan a Celebration,Start planning a small celebration or gathering to amplify your feelings of excitement.
Excited,Outdoor Adventure,Embark on an outdoor adventure like hiking or biking to channel your enthusiasm.
Excited,Share the Excitement,Talk to a friend or loved one about what's making you excited to share the joy.
Excited,Watch a Feel-Good Movie,Choose a lighthearted and uplifting movie to enhance your positive mood.
Excited,Exercise,Engage in a high-energy workout or sport to release endorphins and boost your excitement.
Excited,Visualize Success,Spend time visualizing and imagining successful outcomes related to your excitement.
Excited,Explore New Hobbies,Try out a new hobby or activity that aligns with your current interests and excitement.
Excited,Go on a Road Trip,Take a spontaneous road trip to explore new places and fuel your sense of adventure.
Excited,Attend a Live Event,"Whether it's a concert, show, or sports event, attend something that excites you."
Excited,Positive Affirmation Wall,Create a wall of positive affirmations to reinforce your excitement daily.
Excited,Virtual Reality Experience,Try a virtual reality game or experience to immerse yourself in exciting simulations.
Excited,Attend a Workshop,Participate in a workshop or class related to your interests to enhance your knowledge.
Excited,Create a Vision Board,Compile images and words that represent your goals and aspirations for a visual boost.
Excited,Plan a Future Trip,Start planning a future vacation or getaway to give yourself something to look forward to.
Excited,Artistic Collaboration,Collaborate with other creatives on a project to amplify your creative excitement.
Excited,Learn a Dance Routine,Take up learning a dance routine to express your excitement through movement.
Happy,Gratitude Journaling,Write down things you're grateful for to enhance feelings of happiness.
Happy,Connect with Loved Ones,Reach out to friends or family for a chat or a meetup to share the joy.
Happy,Enjoy Nature,Take a walk in a park or spend time in nature to boost your mood.
Happy,Practice Positive Affirmations,Repeat positive affirmations to reinforce feelings of happiness.
Happy,Photography,Capture moments that bring you joy through photography to create lasting memories.
Happy,Laugh,Watch a comedy show or spend time with people who make you laugh.
Happy,Random Acts of Kindness,Perform small acts of kindness to spread happiness to others.
Happy,Listen to Uplifting Podcasts,Find podcasts that inspire and uplift your spirits.
Happy,Play with Pets,Interact with pets to experience the joy and positive energy they bring.
Happy,Relaxing Bath,Take a soothing bath with your favorite scents and candles to unwind and feel happy.
Happy,Volunteer,Contribute your time to a cause you believe in for a sense of purpose and happiness.
Happy,Creative Writing,"Express your happiness through creative writing, such as poetry or short stories."
Happy,Organize a Joyful Event,Host a small gathering or event to celebrate and share your happiness.
Happy,Outdoor Picnic,Enjoy a picnic in a beautiful outdoor setting to combine relaxation and joy.
Happy,Positive Morning Routine,Create a positive morning routine with activities that set a happy tone for the day.
Happy,Create a Happiness Playlist,Compile a playlist of songs that never fail to make you happy for instant mood-lifting.
Happy,Connect with Positive Communities,Join groups or communities that focus on positivity and shared interests.
Happy,Practice Mindful Happiness,Consciously savor moments of joy and happiness through mindfulness.
Happy,Create a Happy Memories Jar,Fill a jar with notes about happy moments to revisit when needed.
Happy,Explore New Cuisines,Try cooking or tasting new cuisines to add excitement and happiness to your day.
Fear,Deep Breathing Exercises,Practice deep breathing to calm your nerves and reduce fear.
Fear,Face Your Fears Gradually,Take small steps to confront and overcome your fears gradually.
Fear,Positive Visualization,Imagine positive outcomes and scenarios to shift your mindset away from fear.
Fear,Seek Support,"Reach out to friends, family, or a therapist to discuss and address your fears."
Fear,Learn About Your Fears,Educate yourself about the things that cause fear to better understand and cope.
Fear,Journaling,Write down your fears and thoughts to process and manage them effectively.
Fear,Grounding Techniques,"Use grounding techniques, such as focusing on your senses, to stay present."
Fear,Mindfulness Meditation,Practice mindfulness to stay centered and reduce fear-inducing thoughts.
Fear,Create a Fear List,List your fears and gradually work through them to build resilience.
Fear,Self-Compassion,Be kind to yourself and practice self-compassion as you navigate your fears.
Fear,Engage in Positive Affirmations,Counteract fear with positive affirmations to boost your confidence.
Fear,Face Fear with a Friend,Confront fears with a supportive friend to provide comfort and encouragement.
Fear,Participate in a Fear-Exposure Activity,Gradually expose yourself to feared situations in a controlled way.
Fear,Learn a Self-Defense Skill,Take self-defense classes to build confidence and empower yourself.
Fear,Read Inspirational Stories,Find stories of individuals who overcame fear and adversity for inspiration.
Fear,Create a Fear Journal,Document your fears and your journey in overcoming them for reflection.
Fear,Attend a Support Group,Join a support group where you can share and connect with others facing similar fears.
Fear,Challenge Negative Thoughts,Identify and challenge negative thoughts that contribute to your fears.
Fear,Explore Mind-Body Techniques,Practice mind-body techniques like yoga or tai chi to calm the nervous system.
Fear,Develop a Safety Plan,Create a plan for managing fear-inducing situations and focus on coping strategies.
Sad,Listen to Comforting Music,Create a playlist of soothing and comforting music to ease sadness.
Sad,Express Yourself Through Art,Engage in artistic activities like drawing or painting to release emotions.
Sad,Reach Out for Support,Talk to friends or family about your feelings and seek emotional support.
Sad,Watch a Feel-Good Movie,Choose a heartwarming movie that lifts your spirits and brings joy.
Sad,Practice Self-Care,Take time for self-care activities like a warm bath or gentle yoga to nurture yourself.
Sad,Read Inspirational Quotes,Read quotes or literature that inspires hope and positivity.
Sad,Memories Scrapbooking,Create a scrapbook of happy memories to focus on positive experiences.
Sad,Connect with Nature,Spending time outdoors can have a positive impact on your emotional well-being.
Sad,Volunteer,Helping others through volunteering can provide a sense of purpose and alleviate sadness.
Sad,Write a Letter to Yourself,Write a letter of encouragement and compassion to yourself during difficult times.
Sad,Create a Sadness Playlist,Compile a playlist of songs that resonate with your feelings to express and process sadness.
Sad,Mindful Walking,Take a slow and mindful walk to connect with your surroundings and ease sadness.
Sad,Light Therapy,Spend time in natural light or use light therapy to combat seasonal affective disorder.
Sad,Engage in Gentle Exercise,Participate in low-intensity exercises like yoga or gentle stretching to uplift your mood.
Sad,Express Gratitude,Focus on things you are grateful for to shift your perspective and alleviate sadness.
Sad,Attend a Support Group,Connect with others experiencing similar emotions in a support group setting.
Sad,Create a Cozy Space,Design a comfortable and cozy space at home where you can retreat during sad moments.
Sad,Virtual Connection,Reach out to friends or family through virtual means to maintain social connections.
Sad,Practice Mindfulness,Cultivate mindfulness to observe and accept your feelings without judgment.
Sad,Write a Sadness Journal,Document your emotions and reflections in a journal to process and understand sadness.
Angry,Physical Activity,Engage in intense physical activity to release pent-up energy and anger.
Angry,Journaling,Write down your angry thoughts and explore the root causes to gain perspective.
Angry,Take a Timeout,Step away from the source of anger to cool down and collect your thoughts.
Angry,Deep Breathing Exercises,Practice deep breathing to calm the physiological response to anger.
Angry,Use Humor,Find humor in the situation to diffuse tension and lighten the mood.
Angry,Listen to Calming Music,Create a playlist of calming music to soothe angry emotions.
Angry,Communicate Effectively,Express your feelings calmly and assertively to address the source of anger.
Angry,Progressive Muscle Relaxation,Relax tense muscles through progressive muscle relaxation techniques.
Angry,Mindfulness Meditation,Practice mindfulness to observe and detach from angry thoughts.
Angry,Seek Professional Help,"If anger is persistent and challenging, consider seeking help from a therapist."
Angry,Anger Management Class,Participate in an anger management class to learn effective coping strategies.
Angry,Artistic Expression,"Channel anger into art, such as painting or sculpting, as a form of catharsis."
Angry,Volunteer for a Cause,Redirect anger towards positive change by volunteering for a cause you believe in.
Angry,Positive Affirmations,Repeat affirmations that promote a positive mindset and help redirect anger.
Angry,Engage in a Hobby,Immerse yourself in a favorite hobby to divert attention away from anger.
Angry,Constructive Confrontation,Express your feelings of anger through a calm and constructive conversation.
Angry,Create an Anger Journal,Document triggers and coping strategies in a journal to better understand anger.
Angry,Practice Forgiveness,Work on forgiving yourself and others to release long-term anger.
Angry,Mindful Walking,Take a mindful walk to redirect your focus and release tension in a constructive way.
Angry,Join a Support Group,Connect with others dealing with anger in a supportive group environment.
